Date,Month,Year,Ad Campaign,Display ads,Overlay ads,Skippable ads,Non-skippable ads,Bumper ads,Platform,Avg Pages Visited,AVG Time on Site (mins),Impressions ,Clicks,Conversions,Quantity Sold,Unit Cost Price,Unit Sale Price,Final Cost Price,Final Sale Price(Revenue),CPI,CPC,Revenue,Profit,Ad Spend,ROAS(Return on Ad Spend),Budget Allocation,Sales Target,Target_Achieved (%),target_category
2017-01-31,Jan,2017,Black Friday Sale,171150,146700,48900,73350,48900,Google Ads,4,5,489000,12546.67,2925.0,2925.0,60,180,175500.0,526500.0,1222.5,18820.0,526500.0,351000.0,15338300.0,3.433,150538.7378,1250000,23%,High
2017-01-31,Jan,2017,Black Friday Sale,139650,119700,39900,59850,39900,Facebook Ads,3,6,399000,18532.0,1365.0,1365.0,60,180,81900.0,245700.0,1396.5,38917.2,245700.0,163800.0,25879938.0,0.949,122832.2217,1250000,11%,Medium
2017-01-31,Jan,2017,Black Friday Sale,182350,156300,52100,78150,52100,YouTube Ads,7,8,521000,20963.33,1625.0,1625.0,60,180,97500.0,292500.0,2344.5,37734.0,292500.0,195000.0,49148535.0,0.595,160389.9436,1250000,13%,Medium
2017-01-31,Jan,2017,Black Friday Sale,189000,162000,54000,81000,54000,Instagram Ads,4,8,540000,22443.33,2091.83,2091.83,60,180,125509.8,376529.4,2970.0,33665.0,376529.4,251019.6,66656700.0,0.565,166239.097,1250000,17%,Medium
2017-02-28,Feb,2017,Black Friday Sale,204750,175500,58500,87750,58500,Google Ads,8,2,585000,24498.33,4225.0,4225.0,60,180,253500.0,760500.0,1462.5,36747.5,760500.0,507000.0,35828812.5,2.123,167653.8021,1250000,34%,High
2017-02-28,Feb,2017,Black Friday Sale,137760,118080,39360,59040,39360,Facebook Ads,4,1,393600,16639.0,1170.0,1170.0,60,180,70200.0,210600.0,1377.6,34941.9,210600.0,140400.0,22921886.4,0.919,112800.9171,1250000,9%,Low
2017-02-28,Feb,2017,Black Friday Sale,187950,161100,53700,80550,53700,YouTube Ads,4,1,537000,23178.33,2398.63,2398.63,60,180,143917.8,431753.4,2416.5,41721.0,431753.4,287835.6,56010442.5,0.771,153897.5927,1250000,19%,Medium
2017-02-28,Feb,2017,Black Friday Sale,202300,173400,57800,86700,57800,Instagram Ads,4,3,578000,24036.67,2351.18,2351.18,60,180,141070.8,423212.4,3179.0,36055.0,423212.4,282141.6,76412563.33,0.554,165647.6882,1250000,19%,Medium
2017-03-31,Mar,2017,Black Friday Sale,232750,199500,66500,99750,66500,Google Ads,4,4,665000,23145.0,3120.0,3120.0,60,180,187200.0,561600.0,1662.5,34717.5,561600.0,374400.0,38478562.5,1.46,195415.8096,1250000,25%,High
2017-03-31,Mar,2017,Black Friday Sale,149730,128340,42780,64170,42780,Facebook Ads,5,7,427800,20138.0,975.0,975.0,60,180,58500.0,175500.0,1497.3,42289.8,175500.0,117000.0,30152627.4,0.582,125712.6065,1250000,8%,Low
2017-03-31,Mar,2017,Black Friday Sale,169050,144900,48300,72450,48300,YouTube Ads,8,5,483000,20113.33,2245.91,2245.91,60,180,134754.75,404264.25,2173.5,36204.0,404264.25,269509.5,43716330.0,0.925,141933.588,1250000,18%,Medium
2017-03-31,Mar,2017,Black Friday Sale,163100,139800,46600,69900,46600,Instagram Ads,4,5,466000,18316.67,1687.4,1687.4,60,180,101244.0,303732.0,2563.0,27475.0,303732.0,202488.0,46945616.67,0.647,136937.9959,1250000,13%,Medium
2017-04-30,Apr,2017,Black Friday Sale,217350,186300,62100,93150,62100,Google Ads,5,3,621000,18580.0,2730.0,2730.0,60,180,163800.0,491400.0,1552.5,27870.0,491400.0,327600.0,28845450.0,1.704,172771.9559,1250000,22%,Medium
2017-04-30,Apr,2017,Black Friday Sale,131460,112680,37560,56340,37560,Facebook Ads,4,6,375600,15520.0,975.0,975.0,60,180,58500.0,175500.0,1314.6,32592.0,175500.0,117000.0,20402592.0,0.86,104497.8206,1250000,8%,Low
2017-04-30,Apr,2017,Black Friday Sale,217000,186000,62000,93000,62000,YouTube Ads,1,3,620000,24003.33,1430.0,1430.0,60,180,85800.0,257400.0,2790.0,43206.0,257400.0,171600.0,66969300.0,0.384,172493.7401,1250000,11%,Medium
2017-04-30,Apr,2017,Black Friday Sale,189000,162000,54000,81000,54000,Instagram Ads,1,3,540000,21146.67,2214.55,2214.55,60,180,132873.0,398619.0,2970.0,31720.0,398619.0,265746.0,62805600.0,0.635,150236.4834,1250000,18%,Medium
2017-05-31,May,2017,Spring Collection Launch,161350,138300,46100,69150,46100,Google Ads,1,3,461000,17093.33,2275.0,2275.0,60,180,136500.0,409500.0,1152.5,25640.0,409500.0,273000.0,19700066.67,2.079,143078.833,1250000,18%,Medium
2017-05-31,May,2017,Spring Collection Launch,143220,122760,40920,61380,40920,Facebook Ads,2,8,409200,17329.0,1365.0,1365.0,60,180,81900.0,245700.0,1432.2,36390.9,245700.0,163800.0,24818593.8,0.99,127001.8622,1250000,11%,Medium
2017-05-31,May,2017,Spring Collection Launch,198450,170100,56700,85050,56700,YouTube Ads,3,8,567000,19373.33,1690.0,1690.0,60,180,101400.0,304200.0,2551.5,34872.0,304200.0,202800.0,49431060.0,0.615,175977.6536,1250000,14%,Medium
2017-05-31,May,2017,Spring Collection Launch,173600,148800,49600,74400,49600,Instagram Ads,1,2,496000,21886.67,1430.0,1430.0,60,180,85800.0,257400.0,2728.0,32830.0,257400.0,171600.0,59706826.67,0.431,153941.6511,1250000,11%,Medium
2017-06-30,Jun,2017,Spring Collection Launch,204400,175200,58400,87600,58400,Google Ads,8,2,584000,20251.67,2470.0,2470.0,60,180,148200.0,444600.0,1460.0,30377.5,444600.0,296400.0,29567433.33,1.504,176098.1003,1250000,20%,Medium
2017-06-30,Jun,2017,Spring Collection Launch,143430,122940,40980,61470,40980,Facebook Ads,2,3,409800,16842.0,1300.0,1300.0,60,180,78000.0,234000.0,1434.3,35368.2,234000.0,156000.0,24156480.6,0.969,123570.2081,1250000,10%,High
2017-06-30,Jun,2017,Spring Collection Launch,154700,132600,44200,66300,44200,YouTube Ads,1,3,442000,19373.33,2160.73,2160.73,60,180,129643.8,388931.4,1989.0,34872.0,388931.4,259287.6,38533560.0,1.009,133279.7266,1250000,17%,Medium
2017-06-30,Jun,2017,Spring Collection Launch,193900,166200,55400,83100,55400,Instagram Ads,2,6,554000,22553.33,1430.0,1430.0,60,180,85800.0,257400.0,3047.0,33830.0,257400.0,171600.0,68720006.67,0.375,167051.965,1250000,11%,Medium
2017-07-31,Jul,2017,Spring Collection Launch,214550,183900,61300,91950,61300,Google Ads,3,1,613000,20640.0,1625.0,1625.0,60,180,97500.0,292500.0,1532.5,30960.0,292500.0,195000.0,31630800.0,0.925,174114.751,1250000,13%,Medium
2017-07-31,Jul,2017,Spring Collection Launch,146790,125820,41940,62910,41940,Facebook Ads,3,8,419400,18135.0,1170.0,1170.0,60,180,70200.0,210600.0,1467.9,38083.5,210600.0,140400.0,26620366.5,0.791,119125.1657,1250000,9%,Low
2017-07-31,Jul,2017,Spring Collection Launch,153300,131400,43800,65700,43800,YouTube Ads,5,2,438000,18548.33,2286.7,2286.7,60,180,137202.0,411606.0,1971.0,33387.0,411606.0,274404.0,36558765.0,1.126,124408.256,1250000,18%,Medium
2017-07-31,Jul,2017,Spring Collection Launch,224700,192600,64200,96300,64200,Instagram Ads,1,1,642000,29316.67,1170.0,1170.0,60,180,70200.0,210600.0,3531.0,43975.0,210600.0,140400.0,103517150.0,0.203,182351.8273,1250000,9%,Low
2017-08-31,Aug,2017,Spring Collection Launch,247450,212100,70700,106050,70700,Google Ads,5,2,707000,13800.0,1820.0,1820.0,60,180,109200.0,327600.0,1767.5,20700.0,327600.0,218400.0,24391500.0,1.343,196134.6403,1250000,15%,Medium
2017-08-31,Aug,2017,Spring Collection Launch,139230,119340,39780,59670,39780,Facebook Ads,5,6,397800,16134.0,975.0,975.0,60,180,58500.0,175500.0,1392.3,33881.4,175500.0,117000.0,22463368.2,0.781,110356.9447,1250000,8%,Low
2017-08-31,Aug,2017,Spring Collection Launch,179200,153600,51200,76800,51200,YouTube Ads,4,6,512000,19210.0,1625.0,1625.0,60,180,97500.0,292500.0,2304.0,34578.0,292500.0,195000.0,44259840.0,0.661,142038.0988,1250000,13%,Medium
2017-08-31,Aug,2017,Spring Collection Launch,191100,163800,54600,81900,54600,Instagram Ads,4,1,546000,21776.67,1300.0,1300.0,60,180,78000.0,234000.0,3003.0,32665.0,234000.0,156000.0,65395330.0,0.358,151470.3163,1250000,10%,High
2017-09-30,Sep,2017,New App Promotion,165900,142200,47400,71100,47400,Google Ads,6,5,474000,25613.33,4225.0,4225.0,60,180,253500.0,760500.0,1185.0,38420.0,760500.0,507000.0,30351800.0,2.506,154514.8321,1250000,34%,High
2017-09-30,Sep,2017,New App Promotion,136710,117180,39060,58590,39060,Facebook Ads,5,5,390600,17104.0,1365.0,1365.0,60,180,81900.0,245700.0,1367.1,35918.4,245700.0,163800.0,23382878.4,1.051,127328.0452,1250000,11%,Medium
2017-09-30,Sep,2017,New App Promotion,170800,146400,48800,73200,48800,YouTube Ads,4,6,488000,21266.67,1625.0,1625.0,60,180,97500.0,292500.0,2196.0,38280.0,292500.0,195000.0,46701600.0,0.626,159078.5613,1250000,13%,Medium
2017-09-30,Sep,2017,New App Promotion,170800,146400,48800,73200,48800,Instagram Ads,1,8,488000,22170.0,2990.0,2990.0,60,180,179400.0,538200.0,2684.0,33255.0,538200.0,358800.0,59504280.0,0.904,159078.5613,1250000,24%,High
2017-10-31,Oct,2017,New App Promotion,153300,131400,43800,65700,43800,Google Ads,1,5,438000,25408.33,3120.0,3120.0,60,180,187200.0,561600.0,1095.0,38112.5,561600.0,374400.0,27822125.0,2.019,135575.7326,1250000,25%,High
2017-10-31,Oct,2017,New App Promotion,134190,115020,38340,57510,38340,Facebook Ads,2,3,383400,15367.0,1300.0,1300.0,60,180,78000.0,234000.0,1341.9,32270.7,234000.0,156000.0,20620977.3,1.135,118675.196,1250000,10%,High
2017-10-31,Oct,2017,New App Promotion,183750,157500,52500,78750,52500,YouTube Ads,7,5,525000,21365.0,1950.0,1950.0,60,180,117000.0,351000.0,2362.5,38457.0,351000.0,234000.0,50474812.5,0.695,162505.1589,1250000,16%,Medium
2017-10-31,Oct,2017,New App Promotion,207200,177600,59200,88800,59200,Instagram Ads,7,1,592000,25336.67,4550.0,4550.0,60,180,273000.0,819000.0,3256.0,38005.0,819000.0,546000.0,82496186.67,0.993,183243.9125,1250000,36%,High
2017-11-30,Nov,2017,New App Promotion,259000,222000,74000,111000,74000,Google Ads,1,8,740000,13621.67,4225.0,4225.0,60,180,253500.0,760500.0,1850.0,20432.5,760500.0,507000.0,25200083.33,3.018,200000.0,1250000,34%,High
2017-11-30,Nov,2017,New App Promotion,136500,117000,39000,58500,39000,Facebook Ads,3,2,390000,14941.0,1365.0,1365.0,60,180,81900.0,245700.0,1365.0,31376.1,245700.0,163800.0,20394465.0,1.205,105405.4054,1250000,11%,Medium
2017-11-30,Nov,2017,New App Promotion,196700,168600,56200,84300,56200,YouTube Ads,1,3,562000,23255.0,1365.0,1365.0,60,180,81900.0,245700.0,2529.0,41859.0,245700.0,163800.0,58811895.0,0.418,151891.8919,1250000,11%,Medium
2017-11-30,Nov,2017,New App Promotion,184800,158400,52800,79200,52800,Instagram Ads,4,2,528000,22606.67,2925.0,2925.0,60,180,175500.0,526500.0,2904.0,33910.0,526500.0,351000.0,65649760.0,0.802,142702.7027,1250000,23%,High
2017-12-31,Dec,2017,New App Promotion,217700,186600,62200,93300,62200,Google Ads,1,4,622000,22463.33,4225.0,4225.0,60,180,253500.0,760500.0,1555.0,33695.0,760500.0,507000.0,34930483.33,2.177,180621.4306,1250000,34%,High
2017-12-31,Dec,2017,New App Promotion,132720,113760,37920,56880,37920,Facebook Ads,3,2,379200,15425.0,1625.0,1625.0,60,180,97500.0,292500.0,1327.2,32392.5,292500.0,195000.0,20472060.0,1.429,110115.1873,1250000,13%,Medium
2017-12-31,Dec,2017,New App Promotion,182350,156300,52100,78150,52100,YouTube Ads,5,4,521000,22316.67,2275.0,2275.0,60,180,136500.0,409500.0,2344.5,40170.0,409500.0,273000.0,52321425.0,0.783,151292.2273,1250000,18%,Medium
2017-12-31,Dec,2017,New App Promotion,190400,163200,54400,81600,54400,Instagram Ads,4,2,544000,22383.33,4225.0,4225.0,60,180,253500.0,760500.0,2992.0,33575.0,760500.0,507000.0,66970933.33,1.136,157971.1548,1250000,34%,High
2018-01-31,Jan,2018,Black Friday Sale,214800,139620,85920,53700,42960,Google Ads,5,5,537000,11635.0,2340.0,2340.0,70,230,163800.0,538200.0,1611.0,22688.25,538200.0,374400.0,18743985.0,2.871,182322.3178,1500000,16%,Medium
2018-01-31,Jan,2018,Black Friday Sale,196800,127920,78720,49200,39360,Facebook Ads,2,1,492000,14760.0,1170.0,1170.0,70,230,81900.0,269100.0,984.0,26568.0,269100.0,187200.0,14523840.0,1.853,167043.9113,1500000,8%,Low
2018-01-31,Jan,2018,Black Friday Sale,231200,150280,92480,57800,46240,YouTube Ads,2,8,578000,15413.33,1502.8,1502.8,70,230,105196.0,345644.0,2890.0,30826.67,345644.0,240448.0,44544533.33,0.776,196242.6437,1500000,10%,High
2018-01-31,Jan,2018,Black Friday Sale,240800,156520,96320,60200,48160,Instagram Ads,4,5,602000,32106.67,3130.4,3130.4,70,230,219128.0,719992.0,3612.0,73845.33,719992.0,500864.0,115969280.0,0.621,204391.1272,1500000,21%,Medium
2018-02-28,Feb,2018,Black Friday Sale,265200,172380,106080,66300,53040,Google Ads,4,8,663000,16575.0,2925.0,2925.0,70,230,204750.0,672750.0,1989.0,32321.25,672750.0,468000.0,32967675.0,2.041,196696.9937,1500000,19%,Medium
2018-02-28,Feb,2018,Black Friday Sale,212800,138320,85120,53200,42560,Facebook Ads,1,5,532000,13300.0,1267.5,1267.5,70,230,88725.0,291525.0,1064.0,23940.0,291525.0,202800.0,14151200.0,2.06,157832.2785,1500000,8%,Low
2018-02-28,Feb,2018,Black Friday Sale,270000,175500,108000,67500,54000,YouTube Ads,1,2,675000,33750.0,2730.0,2730.0,70,230,191100.0,627900.0,3375.0,67500.0,627900.0,436800.0,113906250.0,0.551,200257.1203,1500000,18%,Medium
2018-02-28,Feb,2018,Black Friday Sale,263200,171080,105280,65800,52640,Instagram Ads,5,6,658000,27416.67,2138.5,2138.5,70,230,149695.0,491855.0,3948.0,63058.33,491855.0,342160.0,108241000.0,0.454,195213.6076,1500000,14%,Medium
2018-03-31,Mar,2018,Black Friday Sale,281200,182780,112480,70300,56240,Google Ads,1,2,703000,29291.67,5140.69,5140.69,70,230,359848.13,1182358.13,2109.0,57118.75,1182358.13,822510.0,61776125.0,1.914,193188.4801,1500000,34%,High
2018-03-31,Mar,2018,Black Friday Sale,217680,141492,87072,54420,43536,Facebook Ads,4,3,544200,29024.0,2829.84,2829.84,70,230,198088.8,650863.2,1088.4,52243.2,650863.2,452774.4,31589721.6,2.06,149549.3185,1500000,19%,Medium
2018-03-31,Mar,2018,Black Friday Sale,273600,177840,109440,68400,54720,YouTube Ads,1,3,684000,20520.0,2000.7,2000.7,70,230,140049.0,460161.0,3420.0,41040.0,460161.0,320112.0,70178400.0,0.656,187967.1699,1500000,13%,Medium
2018-03-31,Mar,2018,Black Friday Sale,319200,207480,127680,79800,63840,Instagram Ads,1,2,798000,23940.0,3734.64,3734.64,70,230,261424.8,858967.2,4788.0,55062.0,858967.2,597542.4,114624720.0,0.749,219295.0315,1500000,25%,High
2018-04-30,Apr,2018,Black Friday Sale,266800,173420,106720,66700,53360,Google Ads,5,3,667000,16675.0,3120.0,3120.0,70,230,218400.0,717600.0,2001.0,32516.25,717600.0,499200.0,33366675.0,2.151,196130.3223,1500000,21%,Medium
2018-04-30,Apr,2018,Black Friday Sale,211840,137696,84736,52960,42368,Facebook Ads,2,1,529600,17653.33,2753.92,2753.92,70,230,192774.4,633401.6,1059.2,31776.0,633401.6,440627.2,18698410.67,3.387,155728.064,1500000,18%,Medium
2018-04-30,Apr,2018,Black Friday Sale,258800,168220,103520,64700,51760,YouTube Ads,2,8,647000,17253.33,2355.08,2355.08,70,230,164855.6,541668.4,3235.0,34506.67,541668.4,376812.8,55814533.33,0.97,190249.3531,1500000,16%,Medium
2018-04-30,Apr,2018,Black Friday Sale,282800,183820,113120,70700,56560,Instagram Ads,3,8,707000,17675.0,1378.65,1378.65,70,230,96505.5,317089.5,4242.0,40652.5,317089.5,220584.0,74977350.0,0.423,207892.2606,1500000,9%,Low
2018-05-31,May,2018,Spring Collection Launch,204400,132860,81760,51100,40880,Google Ads,5,8,511000,12775.0,2275.0,2275.0,70,230,159250.0,523250.0,1533.0,24911.25,523250.0,364000.0,19584075.0,2.672,173714.985,1500000,15%,Medium
2018-05-31,May,2018,Spring Collection Launch,187680,121992,75072,46920,37536,Facebook Ads,4,2,469200,11730.0,686.21,686.21,70,230,48034.35,157827.15,938.4,21114.0,157827.15,109792.8,11007432.0,1.434,159505.0313,1500000,5%,Low
2018-05-31,May,2018,Spring Collection Launch,253600,164840,101440,63400,50720,YouTube Ads,5,1,634000,15850.0,1545.38,1545.38,70,230,108176.25,355436.25,3170.0,31700.0,355436.25,247260.0,50244500.0,0.707,215528.9638,1500000,10%,High
2018-05-31,May,2018,Spring Collection Launch,236800,153920,94720,59200,47360,Instagram Ads,1,1,592000,29600.0,1950.0,1950.0,70,230,136500.0,448500.0,3552.0,68080.0,448500.0,312000.0,105139200.0,0.427,201251.0199,1500000,13%,Medium
2018-06-30,Jun,2018,Spring Collection Launch,252000,163800,100800,63000,50400,Google Ads,4,3,630000,31500.0,3575.0,3575.0,70,230,250250.0,822250.0,1890.0,61425.0,822250.0,572000.0,59535000.0,1.381,187723.4803,1500000,24%,High
2018-06-30,Jun,2018,Spring Collection Launch,208400,135460,83360,52100,41680,Facebook Ads,8,1,521000,21708.33,1300.0,1300.0,70,230,91000.0,299000.0,1042.0,39075.0,299000.0,208000.0,22620083.33,1.322,155244.3385,1500000,9%,Low
2018-06-30,Jun,2018,Spring Collection Launch,263200,171080,105280,65800,52640,YouTube Ads,2,8,658000,16450.0,2245.43,2245.43,70,230,157179.75,516447.75,3290.0,32900.0,516447.75,359268.0,54120500.0,0.954,196066.7461,1500000,15%,Medium
2018-06-30,Jun,2018,Spring Collection Launch,283200,184080,113280,70800,56640,Instagram Ads,1,1,708000,22420.0,1950.0,1950.0,70,230,136500.0,448500.0,4248.0,51566.0,448500.0,312000.0,95240160.0,0.471,210965.435,1500000,13%,Medium
2018-07-31,Jul,2018,Spring Collection Launch,262000,170300,104800,65500,52400,Google Ads,5,6,655000,16375.0,4225.0,4225.0,70,230,295750.0,971750.0,1965.0,31931.25,971750.0,676000.0,32176875.0,3.02,215555.068,1500000,28%,High
2018-07-31,Jul,2018,Spring Collection Launch,214400,139360,85760,53600,42880,Facebook Ads,5,7,536000,13400.0,1306.5,1306.5,70,230,91455.0,300495.0,1072.0,24120.0,300495.0,209040.0,14364800.0,2.092,176393.1549,1500000,9%,Low
2018-07-31,Jul,2018,Spring Collection Launch,211200,137280,84480,52800,42240,YouTube Ads,2,3,528000,24640.0,1625.0,1625.0,70,230,113750.0,373750.0,2640.0,49280.0,373750.0,260000.0,65049600.0,0.575,173760.4212,1500000,11%,Medium
2018-07-31,Jul,2018,Spring Collection Launch,224000,145600,89600,56000,44800,Instagram Ads,1,8,560000,12133.33,1183.0,1183.0,70,230,82810.0,272090.0,3360.0,27906.67,272090.0,189280.0,40768000.0,0.667,184291.3559,1500000,8%,Low
2018-08-31,Aug,2018,Spring Collection Launch,303600,197340,121440,75900,60720,Google Ads,5,3,759000,13915.0,2275.0,2275.0,70,230,159250.0,523250.0,2277.0,27134.25,523250.0,364000.0,31684455.0,1.651,240718.0311,1500000,15%,Medium
2018-08-31,Aug,2018,Spring Collection Launch,193120,125528,77248,48280,38624,Facebook Ads,8,8,482800,20116.67,975.0,975.0,70,230,68250.0,224250.0,965.6,36210.0,224250.0,156000.0,19424653.33,1.154,153120.7713,1500000,7%,Low
2018-08-31,Aug,2018,Spring Collection Launch,214000,139100,85600,53500,42800,YouTube Ads,1,3,535000,22291.67,2173.44,2173.44,70,230,152140.63,499890.63,2675.0,44583.33,499890.63,347750.0,59630208.33,0.838,169676.0825,1500000,14%,Medium
2018-08-31,Aug,2018,Spring Collection Launch,235200,152880,94080,58800,47040,Instagram Ads,2,1,588000,18620.0,2470.0,2470.0,70,230,172900.0,568100.0,3528.0,42826.0,568100.0,395200.0,65691360.0,0.865,186485.115,1500000,16%,Medium
2018-09-30,Sep,2018,New App Promotion,210400,136760,84160,52600,42080,Google Ads,2,1,526000,15780.0,3120.0,3120.0,70,230,218400.0,717600.0,1578.0,30771.0,717600.0,499200.0,24900840.0,2.882,167444.8217,1500000,21%,Medium
2018-09-30,Sep,2018,New App Promotion,179200,116480,71680,44800,35840,Facebook Ads,4,3,448000,18666.67,1300.0,1300.0,70,230,91000.0,299000.0,896.0,33600.0,299000.0,208000.0,16725333.33,1.788,142614.601,1500000,9%,Low
2018-09-30,Sep,2018,New App Promotion,272000,176800,108800,68000,54400,YouTube Ads,4,3,680000,20400.0,1365.0,1365.0,70,230,95550.0,313950.0,3400.0,40800.0,313950.0,218400.0,69360000.0,0.453,216468.5908,1500000,9%,Low
2018-09-30,Sep,2018,New App Promotion,280800,182520,112320,70200,56160,Instagram Ads,6,2,702000,15210.0,5200.0,5200.0,70,230,364000.0,1196000.0,4212.0,34983.0,1196000.0,832000.0,64064520.0,1.867,223471.9864,1500000,35%,High
2018-10-31,Oct,2018,New App Promotion,200800,130520,80320,50200,40160,Google Ads,8,3,502000,15060.0,3250.0,3250.0,70,230,227500.0,747500.0,1506.0,29367.0,747500.0,520000.0,22680360.0,3.296,180264.2919,1500000,22%,Medium
2018-10-31,Oct,2018,New App Promotion,198240,128856,79296,49560,39648,Facebook Ads,2,3,495600,24780.0,975.0,975.0,70,230,68250.0,224250.0,991.2,44604.0,224250.0,156000.0,24561936.0,0.913,177966.1017,1500000,7%,Low
2018-10-31,Oct,2018,New App Promotion,242400,157560,96960,60600,48480,YouTube Ads,7,2,606000,15150.0,1690.0,1690.0,70,230,118300.0,388700.0,3030.0,30300.0,388700.0,270400.0,45904500.0,0.847,217609.8822,1500000,11%,Medium
2018-10-31,Oct,2018,New App Promotion,194000,126100,77600,48500,38800,Instagram Ads,4,7,485000,12125.0,2275.0,2275.0,70,230,159250.0,523250.0,2910.0,27887.5,523250.0,364000.0,35283750.0,1.483,174159.7242,1500000,15%,Medium
2018-11-30,Nov,2018,New App Promotion,320800,208520,128320,80200,64160,Google Ads,5,7,802000,42773.33,5525.0,5525.0,70,230,386750.0,1270750.0,2406.0,83408.0,1270750.0,884000.0,102912640.0,1.235,225264.0252,1500000,37%,High
2018-11-30,Nov,2018,New App Promotion,197680,128492,79072,49420,39536,Facebook Ads,5,3,494200,20591.67,1170.0,1170.0,70,230,81900.0,269100.0,988.4,37065.0,269100.0,187200.0,20352803.33,1.322,138809.827,1500000,8%,Low
2018-11-30,Nov,2018,New App Promotion,278400,180960,111360,69600,55680,YouTube Ads,7,2,696000,29000.0,2275.0,2275.0,70,230,159250.0,523250.0,3480.0,58000.0,523250.0,364000.0,100920000.0,0.518,195490.9745,1500000,15%,Medium
2018-11-30,Nov,2018,New App Promotion,271200,176280,108480,67800,54240,Instagram Ads,2,1,678000,28250.0,4225.0,4225.0,70,230,295750.0,971750.0,4068.0,64975.0,971750.0,676000.0,114921000.0,0.846,190435.1734,1500000,28%,High
2018-12-31,Dec,2018,New App Promotion,268800,174720,107520,67200,53760,Google Ads,1,8,672000,33600.0,6500.0,6500.0,70,230,455000.0,1495000.0,2016.0,65520.0,1495000.0,1040000.0,67737600.0,2.207,197028.9289,1500000,43%,High
2018-12-31,Dec,2018,New App Promotion,227600,147940,91040,56900,45520,Facebook Ads,8,7,569000,23708.33,650.0,650.0,70,230,45500.0,149500.0,1138.0,42675.0,149500.0,104000.0,26980083.33,0.554,166829.5543,1500000,4%,Low
2018-12-31,Dec,2018,New App Promotion,242400,157560,96960,60600,48480,YouTube Ads,4,6,606000,16160.0,1625.0,1625.0,70,230,113750.0,373750.0,3030.0,32320.0,373750.0,260000.0,48964800.0,0.763,177677.8733,1500000,11%,Medium
2018-12-31,Dec,2018,New App Promotion,284400,184860,113760,71100,56880,Instagram Ads,1,1,711000,22515.0,4225.0,4225.0,70,230,295750.0,971750.0,4266.0,51784.5,971750.0,676000.0,96048990.0,1.012,208463.6435,1500000,28%,High
2019-01-31,Jan,2019,Black Friday Sale,240540,177240,126600,50640,37980,Google Ads,4,6,633000,21100.0,3120.0,3120.0,80,260,249600.0,811200.0,2532.0,36925.0,811200.0,561600.0,53425200.0,1.518,216225.4483,1800000,17%,Medium
2019-01-31,Jan,2019,Black Friday Sale,224960,165760,118400,47360,35520,Facebook Ads,1,5,592000,24666.67,1443.0,1443.0,80,260,115440.0,375180.0,2960.0,51800.0,375180.0,259740.0,73013333.33,0.514,202220.3245,1800000,8%,Low
2019-01-31,Jan,2019,Black Friday Sale,226480,166880,119200,47680,35760,YouTube Ads,1,8,596000,29800.0,1365.0,1365.0,80,260,109200.0,354900.0,3576.0,74500.0,354900.0,245700.0,106564800.0,0.333,203586.6781,1800000,8%,Low
2019-01-31,Jan,2019,Black Friday Sale,197980,145880,104200,41680,31260,Instagram Ads,5,5,521000,16498.33,1608.59,1608.59,80,260,128687.0,418232.75,3647.0,32996.67,418232.75,289545.75,60169421.67,0.695,177967.5491,1800000,9%,Low
2019-02-28,Feb,2019,Black Friday Sale,262580,193480,138200,55280,41460,Google Ads,1,3,691000,36853.33,5749.12,5749.12,80,260,459929.6,1494771.2,2764.0,64493.33,1494771.2,1034841.6,101862613.3,1.467,212207.2937,1800000,32%,High
2019-02-28,Feb,2019,Black Friday Sale,269040,198240,141600,56640,42480,Facebook Ads,3,3,708000,23600.0,1625.0,1625.0,80,260,130000.0,422500.0,3540.0,49560.0,422500.0,292500.0,83544000.0,0.506,217428.023,1800000,9%,Low
2019-02-28,Feb,2019,Black Friday Sale,254600,187600,134000,53600,40200,YouTube Ads,4,6,670000,14516.67,1698.45,1698.45,80,260,135876.0,441597.0,4020.0,36291.67,441597.0,305721.0,58357000.0,0.757,205758.1574,1800000,9%,Low
2019-02-28,Feb,2019,Black Friday Sale,203680,150080,107200,42880,32160,Instagram Ads,3,1,536000,28586.67,2229.76,2229.76,80,260,178380.8,579737.6,3752.0,57173.33,579737.6,401356.8,107257173.3,0.541,164606.5259,1800000,12%,Medium
2019-03-31,Mar,2019,Black Friday Sale,272080,200480,143200,57280,42960,Google Ads,4,3,716000,38186.67,5212.48,5212.48,80,260,416998.4,1355244.8,2864.0,66826.67,1355244.8,938246.4,109366613.3,1.239,237992.355,1800000,29%,High
2019-03-31,Mar,2019,Black Friday Sale,212800,156800,112000,44800,33600,Facebook Ads,1,1,560000,29866.67,1300.0,1300.0,80,260,104000.0,338000.0,2800.0,62720.0,338000.0,234000.0,83626666.67,0.404,186139.2721,1800000,7%,Low
2019-03-31,Mar,2019,Black Friday Sale,246240,181440,129600,51840,38880,YouTube Ads,6,5,648000,11880.0,1158.3,1158.3,80,260,92664.0,301158.0,3888.0,29700.0,301158.0,208494.0,46189440.0,0.652,215389.7291,1800000,6%,Low
2019-03-31,Mar,2019,Black Friday Sale,183464,135184,96560,38624,28968,Instagram Ads,5,6,482800,22530.67,2196.74,2196.74,80,260,175739.2,571152.4,3379.6,45061.33,571152.4,395413.2,76144641.07,0.75,160478.6438,1800000,12%,Medium
2019-04-30,Apr,2019,Black Friday Sale,240160,176960,126400,50560,37920,Google Ads,4,7,632000,13693.33,2340.0,2340.0,80,260,187200.0,608400.0,2528.0,23963.33,608400.0,421200.0,34616746.67,1.758,213333.3333,1800000,13%,Medium
2019-04-30,Apr,2019,Black Friday Sale,223440,164640,117600,47040,35280,Facebook Ads,4,3,588000,17640.0,1375.92,1375.92,80,260,110073.6,357739.2,2940.0,37044.0,357739.2,247665.6,51861600.0,0.69,198481.0127,1800000,8%,Low
2019-04-30,Apr,2019,Black Friday Sale,266760,196560,140400,56160,42120,YouTube Ads,8,1,702000,22230.0,2167.43,2167.43,80,260,173394.0,563530.5,4212.0,55575.0,563530.5,390136.5,93632760.0,0.602,236962.0253,1800000,12%,Medium
2019-04-30,Apr,2019,Black Friday Sale,170240,125440,89600,35840,26880,Instagram Ads,4,1,448000,11200.0,873.6,873.6,80,260,69888.0,227136.0,3136.0,22400.0,227136.0,157248.0,35123200.0,0.647,151223.6287,1800000,5%,Low
2019-05-31,May,2019,Spring Collection Launch,235220,173320,123800,49520,37140,Google Ads,4,3,619000,18570.0,3575.0,3575.0,80,260,286000.0,929500.0,2476.0,32497.5,929500.0,643500.0,45979320.0,2.022,209068.6481,1800000,20%,Medium
2019-05-31,May,2019,Spring Collection Launch,224960,165760,118400,47360,35520,Facebook Ads,3,8,592000,27626.67,1820.0,1820.0,80,260,145600.0,473200.0,2960.0,58016.0,473200.0,327600.0,81774933.33,0.579,199949.3372,1800000,10%,High
2019-05-31,May,2019,Spring Collection Launch,251560,185360,132400,52960,39720,YouTube Ads,4,2,662000,27583.33,1613.63,1613.63,80,260,129090.0,419542.5,3972.0,68958.33,419542.5,290452.5,109561000.0,0.383,223591.9953,1800000,9%,Low
2019-05-31,May,2019,Spring Collection Launch,188328,138768,99120,39648,29736,Instagram Ads,2,3,495600,10738.0,1465.74,1465.74,80,260,117258.96,381091.62,3469.2,21476.0,381091.62,263832.66,37252269.6,1.023,167390.0194,1800000,8%,Low
2019-06-30,Jun,2019,Spring Collection Launch,214320,157920,112800,45120,33840,Google Ads,3,1,564000,30080.0,2925.0,2925.0,80,260,234000.0,760500.0,2256.0,52640.0,760500.0,526500.0,67860480.0,1.121,185816.6543,1800000,16%,Medium
2019-06-30,Jun,2019,Spring Collection Launch,269040,198240,141600,56640,42480,Facebook Ads,6,6,708000,29500.0,1170.0,1170.0,80,260,93600.0,304200.0,3540.0,61950.0,304200.0,210600.0,104430000.0,0.291,233259.2043,1800000,7%,Low
2019-06-30,Jun,2019,Spring Collection Launch,251560,185360,132400,52960,39720,YouTube Ads,6,2,662000,19860.0,1625.0,1625.0,80,260,130000.0,422500.0,3972.0,49650.0,422500.0,292500.0,78883920.0,0.536,218103.9453,1800000,9%,Low
2019-06-30,Jun,2019,Spring Collection Launch,187796,138376,98840,39536,29652,Instagram Ads,5,7,494200,14826.0,1170.0,1170.0,80,260,93600.0,304200.0,3459.4,29652.0,304200.0,210600.0,51289064.4,0.593,162820.196,1800000,7%,Low
2019-07-31,Jul,2019,Spring Collection Launch,294500,217000,155000,62000,46500,Google Ads,4,3,775000,32291.67,2340.0,2340.0,80,260,187200.0,608400.0,3100.0,56510.42,608400.0,421200.0,100104166.7,0.608,238553.2897,1800000,13%,Medium
2019-07-31,Jul,2019,Spring Collection Launch,212800,156800,112000,44800,33600,Facebook Ads,1,1,560000,10266.67,800.8,800.8,80,260,64064.0,208208.0,2800.0,21560.0,208208.0,144144.0,28746666.67,0.724,172373.99,1800000,4%,Low
2019-07-31,Jul,2019,Spring Collection Launch,228760,168560,120400,48160,36120,YouTube Ads,3,4,602000,25083.33,2275.0,2275.0,80,260,182000.0,591500.0,3612.0,62708.33,591500.0,409500.0,90601000.0,0.653,185302.0392,1800000,13%,Medium
2019-07-31,Jul,2019,Spring Collection Launch,251560,185360,132400,52960,39720,Instagram Ads,4,5,662000,27583.33,1365.0,1365.0,80,260,109200.0,354900.0,4634.0,55166.67,354900.0,245700.0,127821166.7,0.278,203770.681,1800000,8%,Low
2019-08-31,Aug,2019,Spring Collection Launch,310840,229040,163600,65440,49080,Google Ads,1,3,818000,17723.33,3575.0,3575.0,80,260,286000.0,929500.0,3272.0,31015.83,929500.0,643500.0,57990746.67,1.603,245461.3653,1800000,20%,Medium
2019-08-31,Aug,2019,Spring Collection Launch,223440,164640,117600,47040,35280,Facebook Ads,4,8,588000,31360.0,1495.0,1495.0,80,260,119600.0,388700.0,2940.0,65856.0,388700.0,269100.0,92198400.0,0.422,176444.111,1800000,8%,Low
2019-08-31,Aug,2019,Spring Collection Launch,227240,167440,119600,47840,35880,YouTube Ads,4,5,598000,24916.67,1300.0,1300.0,80,260,104000.0,338000.0,3588.0,62291.67,338000.0,234000.0,89401000.0,0.378,179444.8612,1800000,7%,Low
2019-08-31,Aug,2019,Spring Collection Launch,251560,185360,132400,52960,39720,Instagram Ads,6,8,662000,27583.33,2275.0,2275.0,80,260,182000.0,591500.0,4634.0,55166.67,591500.0,409500.0,127821166.7,0.463,198649.6624,1800000,13%,Medium
2019-09-30,Sep,2019,New App Promotion,227240,167440,119600,47840,35880,Google Ads,1,8,598000,14950.0,2925.0,2925.0,80,260,234000.0,760500.0,2392.0,26162.5,760500.0,526500.0,35760400.0,2.127,183084.5771,1800000,16%,Medium
2019-09-30,Sep,2019,New App Promotion,288420,212520,151800,60720,45540,Facebook Ads,2,3,759000,37950.0,1040.0,1040.0,80,260,83200.0,270400.0,3795.0,79695.0,270400.0,187200.0,144020250.0,0.188,232376.5786,1800000,6%,Low
2019-09-30,Sep,2019,New App Promotion,248520,183120,130800,52320,39240,YouTube Ads,2,2,654000,20710.0,1950.0,1950.0,80,260,156000.0,507000.0,3924.0,51775.0,507000.0,351000.0,81266040.0,0.624,200229.6211,1800000,11%,Medium
2019-09-30,Sep,2019,New App Promotion,228760,168560,120400,48160,36120,Instagram Ads,2,3,602000,28093.33,4420.0,4420.0,80,260,353600.0,1149200.0,4214.0,56186.67,1149200.0,795600.0,118385306.7,0.971,184309.2231,1800000,25%,High
2019-10-31,Oct,2019,New App Promotion,239020,176120,125800,50320,37740,Google Ads,2,2,629000,16773.33,4875.0,4875.0,80,260,390000.0,1267500.0,2516.0,29353.33,1267500.0,877500.0,42201706.67,3.003,211517.4443,1800000,27%,High
2019-10-31,Oct,2019,New App Promotion,199880,147280,105200,42080,31560,Facebook Ads,2,2,526000,13150.0,1267.5,1267.5,80,260,101400.0,329550.0,2630.0,27615.0,329550.0,228150.0,34584500.0,0.953,176881.0425,1800000,7%,Low
2019-10-31,Oct,2019,New App Promotion,237880,175280,125200,50080,37560,YouTube Ads,1,7,626000,26083.33,1625.0,1625.0,80,260,130000.0,422500.0,3756.0,65208.33,422500.0,292500.0,97969000.0,0.431,210508.6171,1800000,9%,Low
2019-10-31,Oct,2019,New App Promotion,227240,167440,119600,47840,35880,Instagram Ads,4,8,598000,18936.67,4225.0,4225.0,80,260,338000.0,1098500.0,4186.0,37873.33,1098500.0,760500.0,79268886.67,1.386,201092.8962,1800000,23%,High
2019-11-30,Nov,2019,New App Promotion,333640,245840,175600,70240,52680,Google Ads,4,1,878000,16096.67,5200.0,5200.0,80,260,416000.0,1352000.0,3512.0,28169.17,1352000.0,936000.0,56531493.33,2.392,261309.5238,1800000,29%,High
2019-11-30,Nov,2019,New App Promotion,190760,140560,100400,40160,30120,Facebook Ads,1,3,502000,26773.33,975.0,975.0,80,260,78000.0,253500.0,2510.0,56224.0,253500.0,175500.0,67201066.67,0.377,149404.7619,1800000,5%,Low
2019-11-30,Nov,2019,New App Promotion,248520,183120,130800,52320,39240,YouTube Ads,5,8,654000,34880.0,2340.0,2340.0,80,260,187200.0,608400.0,3924.0,87200.0,608400.0,421200.0,136869120.0,0.445,194642.8571,1800000,13%,Medium
2019-11-30,Nov,2019,New App Promotion,248520,183120,130800,52320,39240,Instagram Ads,1,1,654000,27250.0,4225.0,4225.0,80,260,338000.0,1098500.0,4578.0,54500.0,1098500.0,760500.0,124750500.0,0.881,194642.8571,1800000,23%,High
2019-12-31,Dec,2019,New App Promotion,275500,203000,145000,58000,43500,Google Ads,8,3,725000,21750.0,2968.88,2968.88,80,260,237510.0,771907.5,2900.0,38062.5,771907.5,534397.5,63075000.0,1.224,199655.7659,1800000,16%,Medium
2019-12-31,Dec,2019,New App Promotion,304760,224560,160400,64160,48120,Facebook Ads,3,3,802000,33416.67,1365.0,1365.0,80,260,109200.0,354900.0,4010.0,70175.0,354900.0,245700.0,134000833.3,0.265,220860.5852,1800000,8%,Low
2019-12-31,Dec,2019,New App Promotion,285760,210560,150400,60160,45120,YouTube Ads,5,2,752000,18800.0,1833.0,1833.0,80,260,146640.0,476580.0,4512.0,47000.0,476580.0,329940.0,84825600.0,0.562,207091.222,1800000,10%,High
2019-12-31,Dec,2019,New App Promotion,237880,175280,125200,50080,37560,Instagram Ads,8,3,626000,29213.33,2848.3,2848.3,80,260,227864.0,740558.0,4382.0,58426.67,740558.0,512694.0,128012826.7,0.579,172392.4269,1800000,16%,Medium
2020-01-31,Jan,2020,Black Friday Sale,214200,126000,157500,44100,88200,Google Ads,4,2,630000,26250.0,4225.0,4225.0,100,310,422500.0,1309750.0,3150.0,52500.0,1309750.0,887250.0,82687500.0,1.584,223777.6849,2000000,21%,Medium
2020-01-31,Jan,2020,Black Friday Sale,222360,130800,163500,45780,91560,Facebook Ads,2,6,654000,20710.0,2019.23,2019.23,100,310,201922.5,625959.75,3924.0,46597.5,625959.75,424037.25,81266040.0,0.77,232302.5491,2000000,10%,High
2020-01-31,Jan,2020,Black Friday Sale,203320,119600,149500,41860,83720,YouTube Ads,2,1,598000,14950.0,2332.2,2332.2,100,310,233220.0,722982.0,4186.0,41860.0,722982.0,489762.0,62580700.0,1.155,212411.1993,2000000,12%,Medium
2020-01-31,Jan,2020,Black Friday Sale,173740,102200,127750,35770,71540,Instagram Ads,5,3,511000,27253.33,2657.2,2657.2,100,310,265720.0,823732.0,4088.0,64045.33,823732.0,558012.0,111411626.7,0.739,181508.5667,2000000,13%,Medium
2020-02-28,Feb,2020,Black Friday Sale,222700,131000,163750,45850,91700,Google Ads,6,6,655000,19650.0,2925.0,2925.0,100,310,292500.0,906750.0,3275.0,39300.0,906750.0,614250.0,64353750.0,1.409,217056.5302,2000000,15%,Medium
2020-02-28,Feb,2020,Black Friday Sale,212840,125200,156500,43820,87640,Facebook Ads,6,6,626000,26083.33,2034.5,2034.5,100,310,203450.0,630695.0,3756.0,58687.5,630695.0,427245.0,97969000.0,0.644,207446.3938,2000000,10%,High
2020-02-28,Feb,2020,Black Friday Sale,222360,130800,163500,45780,91560,YouTube Ads,2,3,654000,16350.0,1594.13,1594.13,100,310,159412.5,494178.75,4578.0,45780.0,494178.75,334766.25,74850300.0,0.66,216725.1462,2000000,8%,Low
2020-02-28,Feb,2020,Black Friday Sale,214200,126000,157500,44100,88200,Instagram Ads,7,3,630000,31500.0,4914.0,4914.0,100,310,491400.0,1523340.0,5040.0,74025.0,1523340.0,1031940.0,158760000.0,0.96,208771.9298,2000000,25%,High
2020-03-31,Mar,2020,Black Friday Sale,258060,151800,189750,53130,106260,Google Ads,8,1,759000,37950.0,3700.13,3700.13,100,310,370012.5,1147038.75,3795.0,75900.0,1147038.75,777026.25,144020250.0,0.796,239476.6147,2000000,19%,Medium
2020-03-31,Mar,2020,Black Friday Sale,222360,130800,163500,45780,91560,Facebook Ads,8,3,654000,27250.0,1560.0,1560.0,100,310,156000.0,483600.0,3924.0,61312.5,483600.0,327600.0,106929000.0,0.452,206347.4388,2000000,8%,Low
2020-03-31,Mar,2020,Black Friday Sale,212840,125200,156500,43820,87640,YouTube Ads,2,3,626000,26083.33,2543.13,2543.13,100,310,254312.5,788368.75,4382.0,73033.33,788368.75,534056.25,114297166.7,0.69,197512.9918,2000000,13%,Medium
2020-03-31,Mar,2020,Black Friday Sale,222700,131000,163750,45850,91700,Instagram Ads,4,2,655000,19650.0,1149.53,1149.53,100,310,114952.5,356352.75,5240.0,46177.5,356352.75,241400.25,102966000.0,0.346,206662.9547,2000000,6%,Low
2020-04-30,Apr,2020,Black Friday Sale,212840,125200,156500,43820,87640,Google Ads,2,1,626000,19823.33,2705.89,2705.89,100,310,270588.5,838824.35,3130.0,39646.67,838824.35,568235.85,62047033.33,1.352,189764.622,2000000,14%,Medium
2020-04-30,Apr,2020,Black Friday Sale,255680,150400,188000,52640,105280,Facebook Ads,4,8,752000,25066.67,1170.0,1170.0,100,310,117000.0,362700.0,4512.0,56400.0,362700.0,245700.0,113100800.0,0.321,227960.0571,2000000,6%,Low
2020-04-30,Apr,2020,Black Friday Sale,226780,133400,166750,46690,93380,YouTube Ads,2,7,667000,33350.0,2925.0,2925.0,100,310,292500.0,906750.0,4669.0,93380.0,906750.0,614250.0,155711150.0,0.582,202193.2953,2000000,15%,Medium
2020-04-30,Apr,2020,Black Friday Sale,258060,151800,189750,53130,106260,Instagram Ads,3,2,759000,13915.0,1085.37,1085.37,100,310,108537.0,336464.7,6072.0,32700.25,336464.7,227927.7,84491880.0,0.398,230082.0257,2000000,5%,Low
2020-05-31,May,2020,Spring Collection Launch,170680,100400,125500,35140,70280,Google Ads,4,8,502000,25100.0,2447.25,2447.25,100,310,244725.0,758647.5,2510.0,50200.0,758647.5,513922.5,63001000.0,1.204,203655.9756,2000000,12%,Medium
2020-05-31,May,2020,Spring Collection Launch,168028,98840,123550,34594,69188,Facebook Ads,4,4,494200,12355.0,1927.38,1927.38,100,310,192738.0,597487.8,2965.2,27798.75,597487.8,404749.8,36635046.0,1.631,200491.5998,2000000,10%,High
2020-05-31,May,2020,Spring Collection Launch,173740,102200,127750,35770,71540,YouTube Ads,4,6,511000,9368.33,913.41,913.41,100,310,91341.25,283157.88,3577.0,26231.33,283157.88,191816.63,33510528.33,0.845,207307.1783,2000000,5%,Low
2020-05-31,May,2020,Spring Collection Launch,199920,117600,147000,41160,82320,Instagram Ads,4,1,588000,14700.0,1433.25,1433.25,100,310,143325.0,444307.5,4704.0,34545.0,444307.5,300982.5,69148800.0,0.643,238545.2463,2000000,7%,Low
2020-06-30,Jun,2020,Spring Collection Launch,272680,160400,200500,56140,112280,Google Ads,4,8,802000,17376.67,4225.0,4225.0,100,310,422500.0,1309750.0,4010.0,34753.33,1309750.0,887250.0,69680433.33,1.88,258317.5445,2000000,21%,Medium
2020-06-30,Jun,2020,Spring Collection Launch,152320,89600,112000,31360,62720,Facebook Ads,2,1,448000,11200.0,655.2,655.2,100,310,65520.0,203112.0,2688.0,25200.0,203112.0,137592.0,30105600.0,0.675,144297.0822,2000000,3%,Low
2020-06-30,Jun,2020,Spring Collection Launch,214200,126000,157500,44100,88200,YouTube Ads,3,5,630000,33600.0,1625.0,1625.0,100,310,162500.0,503750.0,4410.0,94080.0,503750.0,341250.0,148176000.0,0.34,202917.7719,2000000,8%,Low
2020-06-30,Jun,2020,Spring Collection Launch,258060,151800,189750,53130,106260,Instagram Ads,1,2,759000,37950.0,1820.0,1820.0,100,310,182000.0,564200.0,6072.0,89182.5,564200.0,382200.0,230432400.0,0.245,244467.6014,2000000,9%,Low
2020-07-31,Jul,2020,Spring Collection Launch,228480,134400,168000,47040,94080,Google Ads,2,1,672000,12320.0,4875.0,4875.0,100,310,487500.0,1511250.0,3360.0,24640.0,1511250.0,1023750.0,41395200.0,3.651,236953.4556,2000000,24%,High
2020-07-31,Jul,2020,Spring Collection Launch,168504,99120,123900,34692,69384,Facebook Ads,1,2,495600,12390.0,1932.84,1932.84,100,310,193284.0,599180.4,2973.6,27877.5,599180.4,405896.4,36842904.0,1.626,174753.1735,2000000,10%,High
2020-07-31,Jul,2020,Spring Collection Launch,222700,131000,163750,45850,91700,YouTube Ads,6,8,655000,34933.33,1365.0,1365.0,100,310,136500.0,423150.0,4585.0,97813.33,423150.0,286650.0,160169333.3,0.264,230959.0973,2000000,7%,Low
2020-07-31,Jul,2020,Spring Collection Launch,199920,117600,147000,41160,82320,Instagram Ads,1,2,588000,29400.0,2600.0,2600.0,100,310,260000.0,806000.0,4704.0,69090.0,806000.0,546000.0,138297600.0,0.583,207334.2736,2000000,13%,Medium
2020-08-31,Aug,2020,Spring Collection Launch,225080,132400,165500,46340,92680,Google Ads,3,6,662000,19860.0,3575.0,3575.0,100,310,357500.0,1108250.0,3310.0,39720.0,1108250.0,750750.0,65736600.0,1.686,210418.069,2000000,18%,Medium
2020-08-31,Aug,2020,Spring Collection Launch,168028,98840,123550,34594,69188,Facebook Ads,8,7,494200,16473.33,2569.84,2569.84,100,310,256984.0,796650.4,2965.2,37065.0,796650.4,539666.4,48846728.0,1.631,157082.492,2000000,13%,Medium
2020-08-31,Aug,2020,Spring Collection Launch,258060,151800,189750,53130,106260,YouTube Ads,4,3,759000,13915.0,1356.71,1356.71,100,310,135671.25,420580.88,5313.0,38962.0,420580.88,284909.63,73930395.0,0.569,241249.7195,2000000,7%,Low
2020-08-31,Aug,2020,Spring Collection Launch,258060,151800,189750,53130,106260,Instagram Ads,3,6,759000,18975.0,2590.09,2590.09,100,310,259008.75,802927.13,6072.0,44591.25,802927.13,543918.38,115216200.0,0.697,241249.7195,2000000,13%,Medium
2020-09-30,Sep,2020,New App Promotion,204680,120400,150500,42140,84280,Google Ads,4,7,602000,32106.67,4382.56,4382.56,100,310,438256.0,1358593.6,3010.0,64213.33,1358593.6,920337.6,96641066.67,1.406,220941.2781,2000000,22%,Medium
2020-09-30,Sep,2020,New App Promotion,225080,132400,165500,46340,92680,Facebook Ads,2,4,662000,33100.0,975.0,975.0,100,310,97500.0,302250.0,3972.0,74475.0,302250.0,204750.0,131473200.0,0.23,242962.0035,2000000,5%,Low
2020-09-30,Sep,2020,New App Promotion,178840,105200,131500,36820,73640,YouTube Ads,1,1,526000,11396.67,1555.65,1555.65,100,310,155564.5,482249.95,3682.0,31910.67,482249.95,326685.45,41962526.67,1.149,193048.3592,2000000,8%,Low
2020-09-30,Sep,2020,New App Promotion,178840,105200,131500,36820,73640,Instagram Ads,6,1,526000,28053.33,4376.32,4376.32,100,310,437632.0,1356659.2,4208.0,65925.33,1356659.2,919027.2,118048426.7,1.149,193048.3592,2000000,22%,Medium
2020-10-31,Oct,2020,New App Promotion,203320,119600,149500,41860,83720,Google Ads,4,2,598000,24916.67,6175.0,6175.0,100,310,617500.0,1914250.0,2990.0,49833.33,1914250.0,1296750.0,74500833.33,2.569,689438.5723,2000000,31%,High
2020-10-31,Oct,2020,New App Promotion,203320,119600,149500,41860,83720,Facebook Ads,8,7,598000,17940.0,780.0,780.0,100,310,78000.0,241800.0,3588.0,40365.0,241800.0,163800.0,64368720.0,0.376,689438.5723,2000000,4%,Low
2020-10-31,Oct,2020,New App Promotion,170680,100400,125500,35140,70280,YouTube Ads,8,5,502000,10876.67,1300.0,1300.0,100,310,130000.0,403000.0,3514.0,30454.67,403000.0,273000.0,38220606.67,1.054,578759.4704,2000000,7%,Low
2020-10-31,Oct,2020,New App Promotion,170680,100400,125500,35140,70280,Instagram Ads,4,2,502000,20916.67,1950.0,1950.0,100,310,195000.0,604500.0,4016.0,49154.17,604500.0,409500.0,84001333.33,0.72,578759.4704,2000000,10%,High
2020-11-30,Nov,2020,New App Promotion,222360,130800,163500,45780,91560,Google Ads,1,1,654000,11990.0,4225.0,4225.0,100,310,422500.0,1309750.0,3270.0,23980.0,1309750.0,887250.0,39207300.0,3.341,194642.8571,2000000,21%,Medium
2020-11-30,Nov,2020,New App Promotion,203320,119600,149500,41860,83720,Facebook Ads,4,7,598000,19933.33,1040.0,1040.0,100,310,104000.0,322400.0,3588.0,44850.0,322400.0,218400.0,71520800.0,0.451,177976.1905,2000000,5%,Low
2020-11-30,Nov,2020,New App Promotion,272680,160400,200500,56140,112280,YouTube Ads,1,3,802000,37426.67,3649.1,3649.1,100,310,364910.0,1131221.0,5614.0,104794.67,1131221.0,766311.0,210113306.7,0.538,238690.4762,2000000,18%,Medium
2020-11-30,Nov,2020,New App Promotion,272680,160400,200500,56140,112280,Instagram Ads,1,3,802000,40100.0,6255.6,6255.6,100,310,625560.0,1939236.0,6416.0,94235.0,1939236.0,1313676.0,257281600.0,0.754,238690.4762,2000000,31%,High
2020-12-31,Dec,2020,New App Promotion,272680,160400,200500,56140,112280,Google Ads,2,3,802000,17376.67,4225.0,4225.0,100,310,422500.0,1309750.0,4010.0,34753.33,1309750.0,887250.0,69680433.33,1.88,256857.5735,2000000,21%,Medium
2020-12-31,Dec,2020,New App Promotion,222360,130800,163500,45780,91560,Facebook Ads,4,4,654000,14170.0,1170.0,1170.0,100,310,117000.0,362700.0,3924.0,31882.5,362700.0,245700.0,55603080.0,0.652,209457.4228,2000000,6%,Low
2020-12-31,Dec,2020,New App Promotion,228480,134400,168000,47040,94080,YouTube Ads,1,3,672000,21280.0,4225.0,4225.0,100,310,422500.0,1309750.0,4704.0,59584.0,1309750.0,887250.0,100101120.0,1.308,215222.306,2000000,21%,Medium
2020-12-31,Dec,2020,New App Promotion,178840,105200,131500,36820,73640,Instagram Ads,1,3,526000,15780.0,4225.0,4225.0,100,310,422500.0,1309750.0,4208.0,37083.0,1309750.0,887250.0,66402240.0,1.972,168462.6978,2000000,21%,Medium
